{
    "tolerance_A": 0.001,
    "tolerance_B": 0.001,
    "setpoint": 120.0,
    "cycles_history": [
        {
            "measurements": [
                120.024,
                120.012,
                120.012,
                120.004,
                120.003,
                120.003,
                120.005,
                120.003,
                120.006,
                120.005
            ],
            "slope_A": -0.0015454545454519888,
            "intercept_B": 120.01465454545448
        },
        {
            "measurements": [
                119.998,
                120.001,
                120.001,
                120.007,
                120.001,
                120.0,
                119.996,
                120.002,
                119.999,
                120.0
            ],
            "slope_A": -0.0001515151515145271,
            "intercept_B": 120.00118181818178
        },
        {
            "measurements": [
                119.996,
                119.999,
                120.005,
                119.999,
                120.002,
                120.001,
                119.995,
                119.998,
                119.997,
                120.004
            ],
            "slope_A": 6.0606060611240875e-05,
            "intercept_B": 119.99932727272719
        }
    ]
}